org_code,trust_name,nhs_region,ods_stp_code,V5,V6,V7,V8,V9,postcode,V11
TAD,BRADFORD DISTRICT CARE NHS FOUNDATION TRUST,Y63,QWO,NEW MILL,VICTORIA ROAD,SALTAIRE,SHIPLEY,,BD18 3LD,20020401
TAD01,MOOR LANE CENTRE,Y63,QWO,MOOR LANE,,BURLEY IN WHARFEDALE,ILKLEY,WEST YORKSHIRE,LS29 7AJ,20020401
TAD02,AIREDALE CHILD & FAMILY SERVICE,Y63,QWO,HILLBROOK,MAYFIELD ROAD,,KEIGHLEY,WEST YORKSHIRE,BD20 6LD,20020401
TAD03,CRAVEN CMHT,Y63,QWO,SKIPTON GENERAL HOSPITAL,KEIGHLEY ROAD,,SKIPTON,NORTH YORKSHIRE,BD23 2RJ,20020401
TAD04,DRUG & ALCOHOL TEAM,Y63,QWO,25-27 HENRY STREET,,,KEIGHLEY,WEST YORKSHIRE,BD21 3DR,20020401
TAD05,INGROW CENTRE,Y63,QWO,KILMAY HOUSE,200 SOUTH STREET,,KEIGHLEY,WEST YORKSHIRE,BD21 1BB,20020401
TAD09,GREYFRIARS WALK,Y63,QWO,20 GREYFRIARS WALK,,,BRADFORD,WEST YORKSHIRE,BD7 4BD,20020401
TAD10,ABELIA MOUNT,Y63,QWO,6-12 ABELIA MOUNT,,,BRADFORD,WEST YORKSHIRE,BD7 2TG,20020401
TAD12,COOPER LANE OFFICES,Y63,QWO,84 COOPER LANE,,,BRADFORD,WEST YORKSHIRE,BD6 3NJ,20020401
TAD14,LAND AT ASHFIELD HOUSE,Y63,QWO,THORNTON ROAD,,THORNTON,BRADFORD,WEST YORKSHIRE,BD13 3LN,20020401
TAD15,DAISY BANK,Y63,QWO,109 DUCKWORTH LANE,,DAISY HILL,BRADFORD,WEST YORKSHIRE,BD9 6RL,20020401
TAD16,AIREDALE CENTRE FOR MENTAL HEALTH,Y63,QWO,SKIPTON ROAD,STEETON,,KEIGHLEY,WEST YORKSHIRE,BD20 6TD,20020401
TAD17,LYNFIELD MOUNT HOSPITAL,Y63,QWO,HEIGHTS LANE,,,BRADFORD,WEST YORKSHIRE,BD9 6DP,20020401
TAD18,ODSAL HEALTH CENTRE/ THE ELMS,Y63,QWO,55 ODSAL ROAD,,,BRADFORD,WEST YORKSHIRE,BD6 1PR,20020401
TAD19,POLLITS HOUSE,Y63,QWO,POLLITS FARM,COOPER LANE,,BRADFORD,WEST YORKSHIRE,BD6 3NJ,20020401
TAD21,BRYAN-SUTHERLAND HOUSE,Y63,QWO,COOPER LANE,,,BRADFORD,WEST YORKSHIRE,BD6 3NL,20020401
TAD22,SOMERSET HOUSE,Y63,QWO,MANOR LANE,,,SHIPLEY,WEST YORKSHIRE,BD18 3BP,20020401
TAD23,STONEY RIDGE HOSPITAL,Y63,QWO,STONEY RIDGE ROAD,,,BINGLEY,WEST YORKSHIRE,BD16 1UL,20020401
TAD25,WADDILOVES,Y63,QWO,44 QUEENS ROAD,,,BRADFORD,WEST YORKSHIRE,BD8 7BT,20020401
TAD27,PARK VIEW,Y63,QWO,SPRING GARDENS LANE,,,KEIGHLEY,WEST YORKSHIRE,BD20 6LB,20020401
TAD28,SKIPTON ROAD,Y63,QWO,147 SKIPTON ROAD,,,KEIGHLEY,WEST YORKSHIRE,BD21 3BG,20020401
TAD29,WALKER HOUSE (3RD FLOOR),Y63,QWO,19-25 SUNBRIDGE ROAD,,,BRADFORD,WEST YORKSHIRE,BD1 2AY,20020401
TAD30,OWLET ROAD,Y63,QWO,21 OWLET ROAD,,,SHIPLEY,WEST YORKSHIRE,BD18 2LU,20020401
TAD31,THE GROVE (COPWOOD),Y63,QWO,15 COPGROVE ROAD,,,BRADFORD,WEST YORKSHIRE,BD4 0DJ,20020401
TAD32,FUSION,Y63,QWO,WHITEOAK CENTRE,2 FOSTON CLOSE,,BRADFORD,WEST YORKSHIRE,BD2 3QF,20020401
TAD36,MELVILLE HOUSE,Y63,QWO,PRESTON STREET,,,BRADFORD,WEST YORKSHIRE,BD7 1JP,20020401
TAD37,STRAWBERRY STREET A,Y63,QWO,STRAWBERRY STREET,,,KEIGHLEY,WEST YORKSHIRE,BD21 3BA,20020401
TAD38,ACRES HOUSE,Y63,QWO,BERRY LANE,,,KEIGHLEY,WEST YORKSHIRE,BD21 1DN,20020401
TAD39,ACRES HOUSE (TEAM MEET),Y63,QWO,BERRY LANE,,,KEIGHLEY,WEST YORKSHIRE,BD21 1DN,20020401
TAD40,BINGLEY VA COMMUNITY CENTRE,Y63,QWO,CARDIGAN HOUSE,FERNCLIFFE ROAD,,BINGLEY,WEST YORKSHIRE,BD16 2TA,20020401
TAD41,BRIDGE HOUSE,Y63,QWO,BAILEY HILLS ROAD,,,BINGLEY,WEST YORKSHIRE,BD16 2RJ,20020401
TAD44,FISHER MEDICAL CENTRE (PSYCHOLOGY),Y63,QWO,MILLFIELDS,COACH STREET,,SKIPTON,NORTH YORKSHIRE,BD23 1EU,20020401
TAD45,FISHER MEDICAL CENTRE (DR FISK),Y63,QWO,MILLFIELDS,COACH STREET,,SKIPTON,NORTH YORKSHIRE,BD23 1EU,20020401
TAD46,HOLMEWOOD,Y63,QWO,67 FELL LANE,,,KEIGHLEY,WEST YORKSHIRE,BD22 6AB,20020401
TAD54,THE AIREDALE CENTRE FOR MENTAL HEALTH,Y63,QWO,SKIPTON ROAD,STEETON WITH EASTBURN,,KEIGHLEY,WEST YORKSHIRE,BD20 6TA,20020401
TAD55,1/3 LEGRAMS TERRACE,Y63,QWO,FIELDHEAD BUSINESS CENTRE,,,BRADFORD,WEST YORKSHIRE,BD7 1LN,20020401
TAD57,48 ASH GROVE,Y63,QWO,GREAT HORTON ROAD,,,BRADFORD,WEST YORKSHIRE,BD7 1BL,20020401
TAD59,CEMETERY ROAD,Y63,QWO,"UNIT 1, FOUR LANE BUSINESS PARK",CEMETERY ROAD,,BRADFORD,WEST YORKSHIRE,BD8 9RY,20020401
TAD61,UNIT E3 & E4 ENTERPRISE WAY,Y63,QWO,BRADFORD ROAD,,,BRADFORD,WEST YORKSHIRE,BD10 8EW,20020401
TAD62,FIELDHEAD HOUSE,Y63,QWO,UNITS 2/8,FIELDHEAD BUSINESS CENTRE,,BRADFORD,WEST YORKSHIRE,BD7 1LN,20020401
TAD63,HORTON PARK,Y63,QWO,99 HORTON PARK AVENUE,,,BRADFORD,WEST YORKSHIRE,BD7 3EG,20020401
TAD65,LISTONSHIELS,Y63,QWO,BIERLEY LANE,,,BRADFORD,WEST YORKSHIRE,BD4 6DN,20020401
TAD66,UNIT 2D REVIVAL INDUSTRIAL ESTATE,Y63,QWO,WINDSOR STREET,,,BRADFORD,WEST YORKSHIRE,BD4 7AQ,20020401
TAD67,SOUTH AND WEST CMHT FOR OLDER PEOPLE,Y63,QWO,HARBOURNE,BREARCLIFFE DRIVE,,BRADFORD,WEST YORKSHIRE,BD6 2LE,20020401
TAD68,BRADFORD CITY CMHT FOR OLDER PEOPLE,Y63,QWO,WOODWARD COURT,KIRKLEES ROAD,ALLERTON,BRADFORD,WEST YORKSHIRE,BD15 7YT,20020401
TAD69,NORTH BRADFORD CMHT FOR OLDER PEOPLE,Y63,QWO,THACKLEY GRANGE NH,TOWN LANE,,BRADFORD,WEST YORKSHIRE,BD10 8LW,20020401
TAD70,BINGLEY CMHT FOR OLDER PEOPLE,Y63,QWO,LITTLELANDS COURT,LITTLELANDS,,BINGLEY,WEST YORKSHIRE,BD16 1RS,20020401
TAD71,CRAVEN AREA CMHT FOR OLDER PEOPLE,Y63,QWO,CASTLEBERGH HOSPITAL,GIGGLESWICK,,SETTLE,NORTH YORKSHIRE,BD24 0BN,20020401
TAD72,DAISY HILL HOUSE,Y63,QWO,LYNFIELD MOUNT HOSPITAL,HEIGHTS LANE,,BRADFORD,WEST YORKSHIRE,BD9 6DP,20020401
TAD73,KEIGHLEY CMHT FOR OLDER PEOPLE,Y63,QWO,FLORENCE NIGHTINGALE HOUSE,AIREDALE GENERAL HOSPITAL,"SKIPTON ROAD, STEETON",KEIGHLEY,WEST YORKSHIRE,BD20 6TD,20020401
TAD74,SPRINGS MEDICAL CENTRE (OLD AGE PSYCHIATRY CLINIC),Y63,QWO,SPRINGS LANE,,,ILKLEY,WEST YORKSHIRE,LS29 8TH,20050401
TAD75,SHIPLEY HOSPITAL (OLD AGE PSYCHIATRY CLINIC),Y63,QWO,(OLD AGE PSYCHIATRY CLINIC),98 KIRKGATE,,SHIPLEY,WEST YORKSHIRE,BD18 3LT,20050401
TAD76,BINGLEY HEALTH CENTRE (OLD AGE PSYCHIATRY CLINIC),Y63,QWO,OL AGE PSYCHIATRY CLINIC,MYRTLE PLACE,,BINGLEY,WEST YORKSHIRE,BD16 2TL,20050401
TAD77,LING HOUSE MEDICAL CENTRE (OLD AGE PSYCHIATRY CLINIC),Y63,QWO,49 SCOTT STREET,,,KEIGHLEY,WEST YORKSHIRE,BD21 2JH,20050401
TAD78,DR GUPTA'S SURGERY (OLD AGE PSYCHIATRY CLINIC),Y63,QWO,3 AIREDALE ROAD,,,BRADFORD,WEST YORKSHIRE,BD3 0LR,20050401
TAD79,"UNITS 1, 3, 4, AND 6 (MERIDIAN HOUSE)",Y63,QWO,MERIDIAN HOUSE,BRADFORD ROAD,,KEIGHLEY,WEST YORKSHIRE,BD21 4AJ,20060401
TAD80,7 LEGRAMS TERRACE,Y63,QWO,FIELDHEAD BUSINESS CENTRE,,,BRADFORD,WEST YORKSHIRE,BD7 1LN,20060401
TAD81,LOW MOOR RESOURCE CENTRE,Y63,QWO,COMMON ROAD,LOW MOOR,,BRADFORD,WEST YORKSHIRE,BD12 0SD,20060401
TAD82,HOLYBROOK CENTRE,Y63,QWO,REDCAR ROAD,,,BRADFORD,WEST YORKSHIRE,BD10 0DP,20060401
TAD83,MERCURY QUAYS UNIT 9B,Y63,QWO,ASHLEY LANE,,,SHIPLEY,WEST YORKSHIRE,BD17 7DB,20060401
TAD84,MERCURY QUAYS UNIT 9F,Y63,QWO,ASHLEY LANE,,,SHIPLEY,WEST YORKSHIRE,BD17 7DB,20060401
TAD85,GENESIS 5,Y63,QWO,INNOVATION WAY,HESLINGTON,,YORK,NORTH YORKSHIRE,YO10 5DQ,20060401
TAD86,REDHILLS,Y63,QWO,VOLUNTARY ACTION CUMBRIA,REDHILLS LANE,REDHILLS,PENRITH,CUMBRIA,CA11 0DT,20061001
TAD88,ABBEYFIELD,Y63,QWO,GROVE HOUSE,12 RIDDINGS ROAD,,ILKLEY,WEST YORKSHIRE,LS29 9BF,20060401
TAD89,CENTRAL LIBRARY,Y63,QWO,SIGN POSTING SERVICE 1ST FLOOR,PRINCES WAY,,BRADFORD,WEST YORKSHIRE,BD1 1NN,20060401
TAD90,IAN CLOUGH HALL,Y63,QWO,HALL CLIFFE,BAILDON,,SHIPLEY,WEST YORKSHIRE,BD17 6ND,20061001
TAD91,SHIPLEY RESOURCE CENTRE,Y63,QWO,123 OTLEY ROAD,,,SHIPLEY,WEST YORKSHIRE,BD18 2LZ,20060401
TAD92,PARK ROAD HEALTH CENTRE,Y63,QWO,PARK ROAD,,,BRADFORD,WEST YORKSHIRE,BD5 0SG,20061001
TAD93,KEIGHLEY RESOURCE CENTRE,Y63,QWO,OXFORD STREET,,,KEIGHLEY,WEST YORKSHIRE,BD21 1RA,20060401
TAD94,REEVY ROAD,Y63,QWO,60 REEVY ROAD WEST,,,BRADFORD,WEST YORKSHIRE,BD6 3LH,20060401
TAD95,RIX HOUSE,Y63,QWO,24 ARNCLIFFE ROAD,,,KEIGHLEY,WEST YORKSHIRE,BD22 6AR,20060401
TAD96,WEAVER COURT,Y63,QWO,MOORFIELD PLACE,,,BRADFORD,WEST YORKSHIRE,BD10 9TL,20060401
TAD97,OLD PARK ROAD,Y63,QWO,51 OLD PARK ROAD,,,BRADFORD,WEST YORKSHIRE,BD10 9BG,20060401
TAD98,NORTHFIELD ROAD,Y63,QWO,2 NORTHFIELD ROAAD,,,BRADFORD,WEST YORKSHIRE,BD6 1RA,20061001
TAD99,11 MOORCROFT DRIVE,Y63,QWO,EAST BIERLEY,,,BRADFORD,WEST YORKSHIRE,BD4 6NJ,20061001
TADA1,CROSS BANKS,Y63,QWO,1 CROSS BANKS,,,SHIPLEY,WEST YORKSHIRE,BD18 3RW,20061001
TADA3,AIREDALE FRESH START,Y63,QWO,23 TEMPLE STREET,,,KEIGHLEY,WEST YORKSHIRE,BD21 2AD,20120401
TADA4,WESTBOURNE GREEN (SCHOOL NURSING),Y63,QWO,WESTBOURNE GREEN MEDICAL CENTRE,50 HEATON ROAD,,BRADFORD,WEST YORKSHIRE,BD8 8RA,20130401
TADA5,THE RIDGE (SCHOOL NURSING),Y63,QWO,THE RIDGE MEDICAL CENTRE,COUSEN ROAD,,BRADFORD,WEST YORKSHIRE,BD7 3JX,20130401
TADA6,KINGSWAY (SCHOOL NURSING),Y63,QWO,CANALSIDE HEALTH CARE CENTRE,2 KINGSWAY,,BINGLEY,WEST YORKSHIRE,BD16 4RP,20130401
TADA7,SHIPLEY HEALTH CENTRE (SCHOOL NURSING),Y63,QWO,ALEXANDRA ROAD,,,SHIPLEY,WEST YORKSHIRE,BD18 3EG,20130401
TADA8,HAWORTH RD HEALTH CENTRE (SCHOOL NURSING),Y63,QWO,HAWORTH ROAD,,,BRADFORD,WEST YORKSHIRE,BD9 6LL,20130401
TADA9,BARKEREND HEALTH CENTRE (SCHOOL NURSING),Y63,QWO,BARKEREND ROAD,,,BRADFORD,WEST YORKSHIRE,BD3 8QH,20130401
TADC1,KEIGHLEY HEALTH CENTRE (SCHOOL NURSING),Y63,QWO,OAKWORTH ROAD,,,KEIGHLEY,WEST YORKSHIRE,BD21 1SA,20130401
TADC2,HOLMEWOOD HEALTH CENTRE (SCHOOL NURSING),Y63,QWO,HOLME WOOD ROAD,,,BRADFORD,WEST YORKSHIRE,BD4 9EJ,20130401
TADC3,BRADFORD SOUTH & WEST CMHT,Y63,QWO,BRADFORD DISTRICT CARE TRUST,10-16 ST. MARTINS AVENUE,FIELDHEAD BUSINESS CENTRE,BRADFORD,WEST YORKSHIRE,BD7 1LG,20130401
TADC4,CULTURE FUSION,Y63,QWO,EARLY INTERVENTION SERVICE,125 THORNTON ROAD,,BRADFORD,WEST YORKSHIRE,BD1 2EP,20130401
TADC5,COMM MENTAL HEALTH (NTH3),Y63,QWO,BRADFORD DISTRICT CARE TRUST,SOMERSET HOUSE,,SHIPLEY,WEST YORKSHIRE,BD18 3BP,20130401
TADC6,SAFE HAVEN,Y63,QWO,CITY SUBSTANCE MISUSE SERVICE,FOUNTAIN HALL,FOUNTAIN STREET,BRADFORD,WEST YORKSHIRE,BD1 3RA,20130401
TADC7,CRAVEN IAPT MENTAL HEALTH,Y63,QWO,DYNELEY HOUSE SURGERY,NEWMARKET STREET,,SKIPTON,NORTH YORKSHIRE,BD23 2HZ,20141001
TADC8,AWC COMPLEX CARE TEAM,Y63,QWO,DIGITAL CARE HUB,AGH WARD 15,SKIPTON ROAD,KEIGHLEY,WEST YORKSHIRE,BD20 6TD,20170401
TADHQ,BRADFORD DISTRICT CARE TRUST HQ,Y63,QWO,NEW MILL,VICTORIA ROAD,,SHIPLEY,WEST YORKSHIRE,BD18 3LD,20031001
TAF,CAMDEN AND ISLINGTON NHS FOUNDATION TRUST,Y56,QMJ,ST PANCRAS HOSPITAL,4 ST PANCRAS WAY,,LONDON,,NW1 0PE,20020401
TAF01,ST PANCRAS HOSPITAL,Y56,QMJ,4 ST. PANCRAS WAY,,,LONDON,GREATER LONDON,NW1 0PE,20020401
TAF02,ST LUKES WOODSIDE HOSPITAL,Y56,QMJ,WOODSIDE AVENUE,,,LONDON,GREATER LONDON,N10 3HU,20020401
TAF04,DRAYTON PARK WOMENS SERVICE,Y56,QMJ,32 DRAYTON PARK,,,LONDON,GREATER LONDON,N5 1PB,20020401
TAF06,ROYAL FREE HOSPITAL,Y56,QMJ,POND STREET,,,LONDON,GREATER LONDON,NW3 2QG,20020401
TAF08,CRISIS TEAM (NORTH CAMDEN),Y56,QMJ,3-5 DALEHAM GARDENS,,,LONDON,GREATER LONDON,NW3 5BY,20020401
TAF10,ABERDEEN PARK (RESIDENTIAL SERVICES),Y56,QMJ,19 ABERDEEN PARK,,,LONDON,GREATER LONDON,N5 2AR,20020401
TAF11,ISATS,Y56,QMJ,309 GRAY'S INN ROAD,,,LONDON,GREATER LONDON,WC1X 8QS,20020401
TAF12,R&R TEAM (NORTH ISLINGTON),Y56,QMJ,1 LOWTHER ROAD,,,LONDON,GREATER LONDON,N7 8US,20020401
TAF15,AOT (C&I),Y56,QMJ,4 GREENLAND ROAD,,,LONDON,GREATER LONDON,NW1 0AS,20020401
TAF16,BELSIZE AVENUE,Y56,QMJ,61 BELSIZE AVENUE,,,LONDON,GREATER LONDON,NW3 4BN,20020401
TAF17,BELSIZE SQUARE,Y56,QMJ,21 BELSIZE SQUARE,,,LONDON,GREATER LONDON,NW3 4HT,20020401
TAF21,CAMDEN MEWS DAY HOSPITAL,Y56,QMJ,1-5 CAMDEN MEWS,,,LONDON,GREATER LONDON,NW1 9DB,20020401
TAF22,R&R TEAM (SOUTH ISLINGTON),Y56,QMJ,SOUTHWOOD SMITH CENTRE,SOUTHWOOD SMITH STREET,ISLINGTON,LONDON,GREATER LONDON,N1 0YL,20020401
TAF25,CLERKENWELL PROJECT,Y56,QMJ,7 CUMBERLAND GARDENS,,,LONDON,GREATER LONDON,WC1X 9AG,20020401
TAF32,DRAYTON PARK COMMUNITY CARE CENTRE,Y56,QMJ,LONDON BOROUGH OF ISLINGTON,52D DRAYTON PARK,,LONDON,GREATER LONDON,N5 1NS,20020401
TAF33,ELTHORNE MENTAL HEALTH & SOCIAL CARE CENTRE,Y56,QMJ,17-23 BEAUMONT RISE,,,LONDON,GREATER LONDON,N19 3AA,20020401
TAF35,FOCUS TEAM,Y56,QMJ,264 PENTONVILLE ROAD,,,LONDON,GREATER LONDON,N1 9JY,20020401
TAF36,FORDWYCH ROAD DAY HOSPITAL,Y56,QMJ,85-87 FORDWYCH ROAD,,,LONDON,GREATER LONDON,NW2 3TL,20020401
TAF37,HANLEY GARDENS (RESIDENTIAL SERVICES),Y56,QMJ,HANLEY ROAD,,,LONDON,GREATER LONDON,N4 3DY,20020401
TAF38,HENLEY ROAD DAY CENTRE,Y56,QMJ,75 HANLEY ROAD,,,LONDON,GREATER LONDON,N4 3DQ,20020401
TAF39,HIGHGATE ROAD DAY CENTRE,Y56,QMJ,19-37 HIGHGATE ROAD,,,LONDON,GREATER LONDON,NW5 1JY,20020401
TAF41,HIGHVIEW & CORNWALLIS COMMUNITY SUPPORT PROJECTS,Y56,QMJ,30 SUNNYSIDE ROAD,,,LONDON,GREATER LONDON,N19 3TA,20020401
TAF42,R&R TEAM (NORTH CAMDEN),Y56,QMJ,17 LYNDHURST GARDENS,,,LONDON,GREATER LONDON,NW3 5NU,20020401
TAF44,HUNTER STREET HEALTH CENTRE,Y56,QMJ,8 HUNTER STREET,,,LONDON,GREATER LONDON,WC1N 1BN,20020401
TAF46,ISLEDON ROAD MENTAL HEALTH RESOURCE CENTRE,Y56,QMJ,76-80 ISLEDON ROAD,,,LONDON,GREATER LONDON,N7 7LB,20020401
TAF47,ISLINGTON LEARNING DIFFICULTIES PARTNERSHIP,Y56,QMJ,52D DRAYTON PARK,,,LONDON,GREATER LONDON,N5 1NS,20020401
TAF49,LAMBO DAY CENTRE,Y56,QMJ,48 DESPARD ROAD,,,LONDON,GREATER LONDON,N19 5NW,20020401
TAF50,CAMDEN LD SERVICE,Y56,QMJ,BEDFORD HOUSE,125-133 CAMDEN HIGH STREET,,LONDON,GREATER LONDON,NW1 7JR,20020401
TAF53,NETHERWOOD CENTRE,Y56,QMJ,5 NETHERWOOD STREET,,,LONDON,GREATER LONDON,NW6 2QU,20020401
TAF54,NORTH CAMDEN DRUG SERVICES (RESPONSE),Y56,QMJ,457 FINCHLEY ROAD,,,LONDON,GREATER LONDON,NW3 6HN,20020401
TAF56,IDASS,Y56,QMJ,592 HOLLOWAY ROAD,,,LONDON,GREATER LONDON,N7 6LB,20020401
TAF59,QUEEN MARY'S HOUSE,Y56,QMJ,23 EAST HEATH ROAD,,,LONDON,GREATER LONDON,NW3 1DU,20020401
TAF60,PINE STREET DAY CENTRE,Y56,QMJ,13-15 PINE STREET,,,LONDON,GREATER LONDON,EC1R 0JG,20020401
TAF61,RAGLAN DAY CENTRE,Y56,QMJ,1 RAGLAN STREET,,,LONDON,GREATER LONDON,NW5 3DB,20020401
TAF62,SOUTH CAMDEN DRUG SERVICES,Y56,QMJ,ST. JAMES' HOUSE,108 HAMPSTEAD ROAD,,LONDON,GREATER LONDON,NW1 2LS,20020401
TAF65,STACEY STREET NURSING HOME,Y56,QMJ,1 STACEY STREET,,,LONDON,GREATER LONDON,N7 7JQ,20020401
TAF66,TOTTENHAM MEWS RESOURCE CENTRE,Y56,QMJ,1 TOTTENHAM MEWS,,,LONDON,GREATER LONDON,W1T 4AA,20020401
TAF67,TRAUMATIC STRESS CLINIC,Y56,QMJ,73 CHARLOTTE STREET,,,LONDON,GREATER LONDON,W1T 4PL,20020401
TAF70,EARLY INTERVENTION SERVICE,Y56,QMJ,"BEDFORD HOUSE, 3RD FLOOR",125-133 CAMDEN HIGH STREET,,LONDON,GREATER LONDON,NW1 7JR,20020401
TAF72,HIGHGATE ACUTE MENTAL HEALTH CENTRE,Y56,QMJ,DARTMOUTH PARK HILL,,,LONDON,GREATER LONDON,N19 5JG,20041001
TAF73,PSYCHOLOGY A14 ARCHWAY WING,Y56,QMJ,WHITTINGTON HOSPITAL,HIGHGATE WING,DARTMOUTH PARK HILL,LONDON,GREATER LONDON,N19 5JG,20050401
TAF74,CAMDEN ALCOHOL SERVICE,Y56,QMJ,7-8 EARLY MEWS,ARLINGTON ROAD,,LONDON,GREATER LONDON,NW1 7HG,20050401
TAF75,CALEDONIAN ROAD (RESIDENTIAL SERVICES),Y56,QMJ,471 CALEDONIAN ROAD,,,LONDON,GREATER LONDON,N7 9RN,20050401
TAF76,SHAFTESBURY ROAD (RESIDENTIAL SERVICES),Y56,QMJ,41 SHAFTESBURY ROAD,,,LONDON,GREATER LONDON,N19 4QW,20050401
TAF77,ROYAL FREE GROVE CENTRE,Y56,QMJ,81 FLEET ROAD,,,LONDON,GREATER LONDON,NW3 2QZ,20050401
TAF78,CARE TRUST MENTAL HEALTH SERVICES,Y56,QMJ,"UCLH, UCH TOWER",15TH FLOOR,235 EUSTON ROAD,LONDON,GREATER LONDON,NW1 2BU,20050701
TAF79,KINGS CROSS ROAD,Y56,QMJ,211 KING'S CROSS ROAD,,,LONDON,GREATER LONDON,WC1X 9DN,20071001
TAF80,HILL HOUSE,Y56,QMJ,HIGHGATE HILL,,,LONDON,GREATER LONDON,N19 5NA,20071001
TAF81,SAMH CMHT (ISLINGTON),Y56,QMJ,3RD FLOOR COLLINGWOOD BUSINESS CTR,MERCERS ROAD,,LONDON,GREATER LONDON,N19 4PJ,20090401
TAF82,COLLINGWOOD BUSINESS CENTRE,Y56,QMJ,MERCERS ROAD,,,LONDON,GREATER LONDON,N19 4PU,20091001
TAF83,GREENLAND ROAD SERVICES,Y56,QMJ,4 GREENLAND ROAD,,,LONDON,GREATER LONDON,NW1 0AS,20110401
TAF84,CRISIS TEAM (SOUTH CAMDEN),Y56,QMJ,THE BLOOMSBURY BUILDING,ST. PANCRAS HOSPITAL,4 ST. PANCRAS WAY,LONDON,GREATER LONDON,NW1 0PE,20111001
TAF86,NORTH ISLINGTON CRISIS TEAM,Y56,QMJ,DARTMOUTH PARK HILL,,,LONDON,GREATER LONDON,N19 5NX,20111001
TAF87,ISLINGTON IAPT,Y56,QMJ,211 KING'S CROSS ROAD,,,LONDON,GREATER LONDON,WC1X 9DN,20120401
TAF88,CAMDEN IAPT,Y56,QMJ,211 KING'S CROSS ROAD,,,LONDON,GREATER LONDON,WC1X 9DN,20120401
TAF90,KINGSTON DRUG & ALCOHOL SERVICE,Y56,QMJ,SURBITON HEALTH CENTRE,EWELL ROAD,,SURBITON,SURREY,KT6 6EZ,20121001
TAF91,TILE HOUSE SUPPORTED HOUSING PROJECT,Y56,QMJ,TILE HOUSE,1 BEACONSFIELD STREET,,LONDON,GREATER LONDON,N1C 4AD,20160401
TAF92,SAHM SERVICES,Y56,QMJ,UNITS 8-10,BLENHEIM COURT,62 BREWERY ROAD,LONDON,GREATER LONDON,N7 9NY,20160401
TAF93,PECKWATER CENTRE,Y56,QMJ,6 PECKWATER STREET,,,LONDON,,NW5 2TX,20191001
TAF94,KINGSTON PRIMARY CARE MENTAL HEALTH SERVICE,Y56,QMJ,22 HOLLYFIELD ROAD,,,SURBITON,SURREY,KT5 9AL,20161001
TAF95,GLOBAL SWITCH HOUSE,Y56,QMJ,3 NUTMEG LANE,,,LONDON,,E14 2AX,20181001
TAF96,DATA CENTRE 1,Y56,QMJ,260-262 GOSWELL ROAD,,,LONDON,,EC1V 7EB,20181001
TAH,SHEFFIELD HEALTH & SOCIAL CARE NHS FOUNDATION TRUST,Y63,QF7,FULWOOD HOUSE,OLD FULWOOD ROAD,,SHEFFIELD,,S10 3TH,20030401
TAH01,NORBURY RESOURCE CENTRE,Y63,QF7,2 CRABTREE ROAD,,,SHEFFIELD,SOUTH YORKSHIRE,S5 7BB,20060401
TAH02,WESTFIELD HEALTH CENTRE,Y63,QF7,WESTFIELD NORTHWAY,WESTFIELD,,SHEFFIELD,SOUTH YORKSHIRE,S20 8NZ,20061001
TAH03,WILKINSON STREET,Y63,QF7,10 WILKINSON STREET,,,SHEFFIELD,SOUTH YORKSHIRE,S10 2GA,20061001
TAH11,ANGLETON AVENUE,Y63,QF7,29-31 ANGELTON AVENUE,,,SHEFFIELD,SOUTH YORKSHIRE,S2 1NB,20061001
TAH12,ARBOURTHORNE,Y63,QF7,458A EAST BANK ROAD,,,SHEFFIELD,SOUTH YORKSHIRE,S2 2AD,20061001
TAH13,BEECH HILL,Y63,QF7,NORFOLK PARK ROAD,,,SHEFFIELD,SOUTH YORKSHIRE,S2 3QE,20061001
TAH14,BEIGHTON HEALTH CENTRE,Y63,QF7,QUEENS ROAD,BEIGHTON,,SHEFFIELD,SOUTH YORKSHIRE,S20 1BJ,20061001
TAH15,BELGRAVE MEDICAL CENTRE,Y63,QF7,22 ASLINE ROAD,,,SHEFFIELD,SOUTH YORKSHIRE,S2 4UJ,20061001
TAH16,67 BIRCH AVENUE,Y63,QF7,CHAPELTOWN,,,SHEFFIELD,SOUTH YORKSHIRE,S35 1RQ,20061001
TAH17,BOLE HILL RESIDENTIAL HOME,Y63,QF7,2 EASTFIELD ROAD,,,SHEFFIELD,SOUTH YORKSHIRE,S10 1QL,20061001
TAH18,BRAESIDE,Y63,QF7,91 UPWELL STREET,,,SHEFFIELD,SOUTH YORKSHIRE,S4 8AN,20061001
TAH19,BRINCLIFFE HOUSE,Y63,QF7,90 OSBORNE ROAD,,,SHEFFIELD,SOUTH YORKSHIRE,S11 9BD,20061001
TAH20,BUCKWOOD VIEW NURSING HOME,Y63,QF7,6A BUCK WOOD VIEW,,,SHEFFIELD,SOUTH YORKSHIRE,S14 1LX,20061001
TAH21,CENTENARY ANNEXE,Y63,QF7,147A UPPERTHORPE ROAD,,,SHEFFIELD,SOUTH YORKSHIRE,S6 3EB,20061001
TAH22,CENTENARY HOUSE,Y63,QF7,55 ALBERT TERRACE ROAD,,,SHEFFIELD,SOUTH YORKSHIRE,S6 3BR,20061001
TAH23,CENTRAL HEALTH CLINIC,Y63,QF7,MULBERRY STREET,,,SHEFFIELD,SOUTH YORKSHIRE,S1 2PJ,20061001
TAH24,CENTRE FOR HIV & SEXUAL HEALTH,Y63,QF7,22 COLLEGIATE CRESCENT,,,SHEFFIELD,SOUTH YORKSHIRE,S10 2BA,20061001
TAH25,CHARNOCK MEDICAL CENTRE,Y63,QF7,WHITE LANE,,,SHEFFIELD,SOUTH YORKSHIRE,S12 3GH,20061001
TAH26,CLINICAL NEUROPSYCHOLOGY SERVICE,Y63,QF7,12 CLAREMONT CRESCENT,,,SHEFFIELD,SOUTH YORKSHIRE,S10 2TA,20061001
TAH27,DENTAL CLINC - NORFOLK PARK SCHOOL,Y63,QF7,PARK GRANGE ROAD,,,SHEFFIELD,SOUTH YORKSHIRE,S2 3QF,20061001
TAH28,DENTAL CLINIC - OAKES PARK SCHOOL,Y63,QF7,HEMSWORTH ROAD,,,SHEFFIELD,SOUTH YORKSHIRE,S8 8LN,20061001
TAH29,DEPT OF CLINICAL PSYCHOLOGY,Y63,QF7,UNIVERSITY OF SHEFFIELD,WESTERN BANK,,SHEFFIELD,SOUTH YORKSHIRE,S10 2TN,20061001
TAH30,DEPT OF PSYCHIATRY - BARNSLEY DGH,Y63,QF7,BARNSLEY DISTRICT GENERAL HOSP,POGMOOR ROAD,,BARNSLEY,SOUTH YORKSHIRE,S75 2EP,20061001
TAH31,DEPT OF PSYCHIATRY - BASSETLAW DGH,Y63,QF7,BASSETLAW DISTRICT GENERAL HOSPITAL,KILTON HILL,,WORKSOP,NOTTINGHAMSHIRE,S81 0BD,20061001
TAH32,DEPT OF PSYCHIATRY - CHESTER ROYAL HOSPITAL,Y63,QF7,CHESTERFIELD ROAD,CALOW,,CHESTERFIELD,DERBYSHIRE,S44 5BL,20061001
TAH33,DEPT OF PSYCHIATRY - DRI,Y63,QF7,DONCASTER ROYAL INFIRMARY,THORNE ROAD,,DONCASTER,SOUTH YORKSHIRE,DN2 5LT,20061001
TAH34,DEPT OF PSYCHIATRY - ROTHERAM DGH,Y63,QF7,ROTHERHAM DISTRICT GENERAL HOSPITAL,MOORGATE ROAD,,ROTHERHAM,SOUTH YORKSHIRE,S60 2UD,20061001
TAH35,DON VALLEY HOUSE,Y63,QF7,SAVILE STREET EAST,,,SHEFFIELD,SOUTH YORKSHIRE,S4 7UQ,20061001
TAH36,DRAGOON COURT,Y63,QF7,HILLSBOROUGH BARRACKS,PENISTONE ROAD,,SHEFFIELD,SOUTH YORKSHIRE,S6 2GZ,20061001
TAH37,DUKE MEDICAL CENTRE,Y63,QF7,28 TALBOT ROAD,,,SHEFFIELD,SOUTH YORKSHIRE,S2 2TD,20061001
TAH38,ECCLESFIELD CARE CENTRE,Y63,QF7,89 GREEN LANE,ECCLESFIELD,,SHEFFIELD,SOUTH YORKSHIRE,S35 9WY,20061001
TAH39,FIRST START NURSERY,Y63,QF7,441 FIRTH PARK ROAD,,,SHEFFIELD,SOUTH YORKSHIRE,S5 6QQ,20061001
TAH40,FIRTH PARK CLINIC,Y63,QF7,40 NORTH QUADRANT,,,SHEFFIELD,SOUTH YORKSHIRE,S5 6NU,20061001
TAH41,FLOCKTON HOUSE,Y63,QF7,18 UNION ROAD,,,SHEFFIELD,SOUTH YORKSHIRE,S11 9EF,20061001
TAH42,FOXWOOD RESOURCE CENTRE,Y63,QF7,1 RIDGEWAY ROAD,,,SHEFFIELD,SOUTH YORKSHIRE,S12 2TW,20061001
TAH43,GREENACRES,Y63,QF7,1 COTTAM ROAD,HIGH GREEN,,SHEFFIELD,SOUTH YORKSHIRE,S35 4GN,20061001
TAH44,GREENHILL HEALTH CENTRE,Y63,QF7,482 LUPTON ROAD,,,SHEFFIELD,SOUTH YORKSHIRE,S8 7NQ,20061001
TAH45,GUERNSEY HOUSE,Y63,QF7,84 GUERNSEY ROAD,,,SHEFFIELD,SOUTH YORKSHIRE,S2 4HG,20061001
TAH46,HACKENTHORPE MEDICAL CENTRE,Y63,QF7,15 MAIN STREET,,,SHEFFIELD,SOUTH YORKSHIRE,S12 4LA,20061001
TAH47,HANDSWORTH GRANGE MEDICAL CENTRE,Y63,QF7,432 HANDSWORTH ROAD,HANDSWORTH,,SHEFFIELD,SOUTH YORKSHIRE,S13 9BZ,20061001
TAH48,HAZELHURST RESOURCE CENTRE,Y63,QF7,1 DYCHE DRIVE,,,SHEFFIELD,SOUTH YORKSHIRE,S8 8DN,20061001
TAH49,HEELEY DENTAL CLINIC,Y63,QF7,GIFFORD ROAD,,,SHEFFIELD,SOUTH YORKSHIRE,S8 0ZS,20061001
TAH50,HIGH GREEN HEALTH CENTRE,Y63,QF7,THOMPSON HILL,,,SHEFFIELD,SOUTH YORKSHIRE,S35 4NF,20061001
TAH51,HOLLIES MEDICAL CENTRE,Y63,QF7,20 ST. ANDREWS ROAD,,,SHEFFIELD,SOUTH YORKSHIRE,S11 9AL,20061001
TAH52,HURLFIELD VIEW,Y63,QF7,203 GLEADLESS COMMON,,,SHEFFIELD,SOUTH YORKSHIRE,S12 2UU,20061001
TAH53,INCLUSION SUPPORT CENTRE,Y63,QF7,HALIFAX ROAD,,,SHEFFIELD,SOUTH YORKSHIRE,S6 1AA,20061001
TAH54,JORDANTHORPE HEALTH CENTRE,Y63,QF7,JORDANTHORPE CENTRE,,,SHEFFIELD,SOUTH YORKSHIRE,S8 8DX,20061001
TAH55,KERSAL MOUNT NURSING HOME,Y63,QF7,115 MANCHESTER ROAD,,,SHEFFIELD,SOUTH YORKSHIRE,S10 5DN,20061001
TAH56,KIRKHILL RESOURCE CENTRE,Y63,QF7,127 LOWEDGES ROAD,,,SHEFFIELD,SOUTH YORKSHIRE,S8 7LE,20061001
TAH57,LODGE MOOR MEDICAL CENTRE,Y63,QF7,68 ROCHESTER ROAD,,,SHEFFIELD,SOUTH YORKSHIRE,S10 4JQ,20061001
TAH58,MANOR CLINIC,Y63,QF7,18 RIDGEWAY ROAD,,,SHEFFIELD,SOUTH YORKSHIRE,S12 2ST,20061001
TAH59,MANOR HOUSE,Y63,QF7,260 ECCLESALL ROAD SOUTH,,,SHEFFIELD,SOUTH YORKSHIRE,S11 9PS,20061001
TAH60,MANOR PARK MEDICAL CENTRE,Y63,QF7,204 HARBOROUGH AVENUE,,,SHEFFIELD,SOUTH YORKSHIRE,S2 1QU,20061001
TAH61,MANSFIELD VIEW,Y63,QF7,11 MANSFIELD VIEW,,,SHEFFIELD,SOUTH YORKSHIRE,S12 2AW,20061001
TAH62,MELROSE ROAD,Y63,QF7,8 MELROSE ROAD,,,SHEFFIELD,SOUTH YORKSHIRE,S3 9DN,20061001
TAH63,MILLBROOK,Y63,QF7,100 BEIGHTON ROAD,WOODHOUSE,,SHEFFIELD,SOUTH YORKSHIRE,S13 7PS,20061001
TAH64,NETHERTHORPE HOUSE,Y63,QF7,101 NETHERTHORPE ROAD,,,SHEFFIELD,SOUTH YORKSHIRE,S3 7EZ,20061001
TAH65,NEWFIELD GREEN CLINIC,Y63,QF7,541 GLEADLESS ROAD,,,SHEFFIELD,SOUTH YORKSHIRE,S2 2BS,20061001
TAH66,NORFOLK PARK HEALTH CENTRE,Y63,QF7,TOWER DRIVE,,,SHEFFIELD,SOUTH YORKSHIRE,S2 3RE,20061001
TAH67,NORTHERN GENERAL HOSPITAL,Y63,QF7,HERRIES ROAD,,,SHEFFIELD,SOUTH YORKSHIRE,S5 7AU,20061001
TAH68,NORWOOD MEDICAL CENTRE,Y63,QF7,360 HERRIES ROAD,,,SHEFFIELD,SOUTH YORKSHIRE,S5 7HD,20061001
TAH69,OAKWOOD YPC,Y63,QF7,NORTHERN GENERAL HOSPITAL,HERRIES ROAD,,SHEFFIELD,SOUTH YORKSHIRE,S5 7AU,20061001
TAH70,ORGREAVE ROAD,Y63,QF7,9 ORGREAVE ROAD,,,SHEFFIELD,SOUTH YORKSHIRE,S13 9LQ,20061001
TAH71,PARK HEALTH CENTRE,Y63,QF7,190 DUKE STREET,,,SHEFFIELD,SOUTH YORKSHIRE,S2 5QQ,20061001
TAH72,PSYCHOLOGY SERVICES,Y63,QF7,23A CLIFTON LANE,,,ROTHERHAM,SOUTH YORKSHIRE,S65 2AA,20061001
TAH73,ROYAL HALLAMSHIRE HOSPITAL,Y63,QF7,GLOSSOP ROAD,,,SHEFFIELD,SOUTH YORKSHIRE,S10 2JF,20061001
TAH74,RYEGATE CENTRE,Y63,QF7,TAPTON CRESCENT ROAD,,,SHEFFIELD,SOUTH YORKSHIRE,S10 5DD,20061001
TAH75,SCOTT ROAD,Y63,QF7,71-73 SCOTT ROAD,,,SHEFFIELD,SOUTH YORKSHIRE,S4 7BG,20061001
TAH76,SEVENFIELDS RESOURCE CENTRE,Y63,QF7,239 BEN LANE,,,SHEFFIELD,SOUTH YORKSHIRE,S6 4SB,20061001
TAH77,SHARROW SURE START,Y63,QF7,110 SHARROW LANE,,,SHEFFIELD,SOUTH YORKSHIRE,S11 8AL,20061001
TAH78,SHIRLE HILL,Y63,QF7,CHERRY TREE ROAD,,,SHEFFIELD,SOUTH YORKSHIRE,S11 9AA,20061001
TAH79,ST JOSEPHS ROAD,Y63,QF7,63-65 ST JOSEPHS ROAD,,,SHEFFIELD,SOUTH YORKSHIRE,S13 9AU,20061001
TAH80,STANNINGTON HEALTH CENTRE,Y63,QF7,UPPER GATE ROAD,STANNINGTON,,SHEFFIELD,SOUTH YORKSHIRE,S6 6BX,20061001
TAH81,STEVEN CLOSE,Y63,QF7,CHAPELTOWN,,,SHEFFIELD,SOUTH YORKSHIRE,S35 1XW,20061001
TAH82,STOCKSBRIDGE MEDICAL CENTRE,Y63,QF7,JOHNSON STREET,STOCKSBRIDGE,,SHEFFIELD,SOUTH YORKSHIRE,S36 1BX,20061001
TAH83,TANNERY LODGE,Y63,QF7,520 STRADBROKE ROAD,,,SHEFFIELD,SOUTH YORKSHIRE,S13 7GD,20061001
TAH84,THE SURGERY,Y63,QF7,HIGHGATE,,,SHEFFIELD,SOUTH YORKSHIRE,S9 1WN,20061001
TAH85,THORNLEA,Y63,QF7,400 MIDDLEWOOD ROAD,,,SHEFFIELD,SOUTH YORKSHIRE,S6 1TQ,20061001
TAH86,TRAMWAYS MEDICAL CENTRE,Y63,QF7,54A HOLME LANE,,,SHEFFIELD,SOUTH YORKSHIRE,S6 4JQ,20061001
TAH87,UPPERTHORPE MEDICAL CENTRE,Y63,QF7,30 ADDY STREET,,,SHEFFIELD,SOUTH YORKSHIRE,S6 3FT,20061001
TAH88,WALKLEY MEDICAL CENTRE,Y63,QF7,23 GREENHOW STREET,,,SHEFFIELD,SOUTH YORKSHIRE,S6 3TN,20061001
TAH89,WATHWOOD HOSPITAL,Y63,QF7,GIPSY GREEN LANE,WATH-UPON-DEARNE,,ROTHERHAM,SOUTH YORKSHIRE,S63 7TQ,20061001
TAH90,WENSLEY STREET,Y63,QF7,142 WENSLEY STREET,,,SHEFFIELD,SOUTH YORKSHIRE,S4 8HN,20061001
TAH91,WEST COURT,Y63,QF7,HILLSBOROUGH BARRACKS,LANGSETT ROAD,,SHEFFIELD,SOUTH YORKSHIRE,S6 2LR,20061001
TAH92,MARGETSON SURGERY,Y63,QF7,1 REMINGTON AVENUE,,,SHEFFIELD,SOUTH YORKSHIRE,S5 9PA,20060401
TAH93,ACCELERATED DISCHARGE OFFICE,Y63,QF7,VICKERS CORRIDOR,NORTHERN GENERAL HOSPITAL,HERRIES ROAD,SHEFFIELD,SOUTH YORKSHIRE,S5 7AU,20060401
TAH94,WOODHOUSE CLINIC,Y63,QF7,3 SKELTON LANE,WOODHOUSE,,SHEFFIELD,SOUTH YORKSHIRE,S13 7LY,20061001
TAH95,WOODLAND VIEW NURSING HOME,Y63,QF7,1 LIGHTWOOD LANE,,,SHEFFIELD,SOUTH YORKSHIRE,S8 8BG,20061001
TAH96,WOODSEATS MEDICAL CENTRE,Y63,QF7,2-4 COBNAR ROAD,,,SHEFFIELD,SOUTH YORKSHIRE,S8 8QB,20061001
TAH97,WOOLLEY WOOD SCHOOL,Y63,QF7,OAKS FOLD ROAD,,,SHEFFIELD,SOUTH YORKSHIRE,S5 0TG,20061001
TAH98,WYBOURN SCHOOL,Y63,QF7,MANOR OAKS ROAD,,,SHEFFIELD,SOUTH YORKSHIRE,S2 5ED,20061001
TAH99,FOX HILL,Y63,QF7,167-169 FOX HILL ROAD,,,SHEFFIELD,SOUTH YORKSHIRE,S6 1HF,20051001
TAHCC,THE LONGLEY CENTRE,Y63,QF7,NORWOOD GRANGE DRIVE,,,SHEFFIELD,SOUTH YORKSHIRE,S5 7JT,20030401
TAHCG,THE YEWS,Y63,QF7,WORRALL ROAD,WORRALL,,SHEFFIELD,SOUTH YORKSHIRE,S35 0AU,20030401
TAHCH,1A STOCKARTH LANE,Y63,QF7,OUGHTIBRIDGE,,,SHEFFIELD,SOUTH YORKSHIRE,S35 0HT,20030401
TAHCJ,ARGYLL HOUSE,Y63,QF7,WILLIAMSON ROAD,,,SHEFFIELD,SOUTH YORKSHIRE,S11 9AR,20030401
TAHCK,COALBROOK HOUSE,Y63,QF7,461A RETFORD ROAD,,,SHEFFIELD,SOUTH YORKSHIRE,S13 9WB,20030401
TAHCN,BEIGHTON HOSPITAL,Y63,QF7,SEVENAIRS ROAD,BEIGHTON,,SHEFFIELD,SOUTH YORKSHIRE,S20 1NZ,20030401
TAHCP,BARNSLEY ROAD,Y63,QF7,574 BARNSLEY ROAD,,,SHEFFIELD,SOUTH YORKSHIRE,S5 6UA,20030401
TAHCQ,CARVER STREET,Y63,QF7,38 CARVER STREET,,,SHEFFIELD,SOUTH YORKSHIRE,S1 4FS,20091001
TAHDR,BRUNSWICK HOUSE,Y63,QF7,299 GLOSSOP ROAD,,,SHEFFIELD,SOUTH YORKSHIRE,S10 2HL,20030401
TAHDT,SIDNEY STREET CENTRE,Y63,QF7,44 SIDNEY STREET,,,SHEFFIELD,SOUTH YORKSHIRE,S1 4RH,20140401
TAHDW,DARNALL PRIMARY CARE CENTRE,Y63,QF7,290 MAIN ROAD,,,SHEFFIELD,SOUTH YORKSHIRE,S9 4QH,20150401
TAHEA,LOVE STREET,Y63,QF7,33 LOVE STREET,,,SHEFFIELD,SOUTH YORKSHIRE,S3 8NW,20111001
TAHEC,INTENSIVE SUPPORT SERVICE,Y63,QF7,FIRSHILL RISE,,,SHEFFIELD,SOUTH YORKSHIRE,S4 7BW,20121001
TAHFC,MICHAEL CARLISLE CENTRE,Y63,QF7,75 OSBORNE ROAD,,,SHEFFIELD,SOUTH YORKSHIRE,S11 9BF,20030401
TAHFY,EAST GLADE CENTRE,Y63,QF7,1 EAST GLADE CRESCENT,,,SHEFFIELD,SOUTH YORKSHIRE,S12 4QN,20030401
TAHGR,IVY LODGE CLINIC,Y63,QF7,254 RUTLAND ROAD,,,SHEFFIELD,SOUTH YORKSHIRE,S3 9PR,20030401
TAHHH,WHEATA PLACE CLINIC,Y63,QF7,570 WORDSWORTH AVENUE,,,SHEFFIELD,SOUTH YORKSHIRE,S5 9JH,20030401
TAHJF,ST GEORGE'S COMMUNITY BASE,Y63,QF7,ST. GEORGES HOSPITAL,WINTER STREET,,SHEFFIELD,SOUTH YORKSHIRE,S3 7ND,20030401
TAHXD,RUTLAND ROAD,Y63,QF7,297 RUTLAND ROAD,,,SHEFFIELD,SOUTH YORKSHIRE,S3 9PZ,20030401
TAHXF,WARMINSTER ROAD,Y63,QF7,WARMINSTER HOSTEL,136 WARMINSTER ROAD,,SHEFFIELD,SOUTH YORKSHIRE,S8 8PQ,20030401
TAHXK,FULWOOD HOUSE (HQ),Y63,QF7,OLD FULWOOD ROAD,,,SHEFFIELD,SOUTH YORKSHIRE,S10 3TH,20030401
TAHXL,WARDSEND ROAD,Y63,QF7,45 WARDSEND ROAD NORTH,,,SHEFFIELD,SOUTH YORKSHIRE,S6 1LX,20030401
TAHXM,FOREST CLOSE,Y63,QF7,1-5 FOREST CLOSE,OUGHTIBRIDGE,,SHEFFIELD,SOUTH YORKSHIRE,S35 0JW,20030401
TAHXN,FOREST LODGE,Y63,QF7,1-5 FOREST CLOSE,OUGHTIBRIDGE,,SHEFFIELD,SOUTH YORKSHIRE,S35 0JW,20030401
TAHXP,GRENOSIDE GRANGE,Y63,QF7,SALT BOX LANE,GRENOSIDE,,SHEFFIELD,SOUTH YORKSHIRE,S35 8QS,20030401
TAHXQ,LIMBRICK HEALTH CENTRE,Y63,QF7,LIMBRICK ROAD,,,SHEFFIELD,SOUTH YORKSHIRE,S6 2PE,20030401
TAHXR,NORTHLANDS COMMUNITY HEALTH CENTRE,Y63,QF7,SOUTHEY HILL,,,SHEFFIELD,SOUTH YORKSHIRE,S5 8BE,20030401
TAHYA,CASTLE MARKET BUILDING,Y63,QF7,CASTLE MARKET,,,SHEFFIELD,SOUTH YORKSHIRE,S1 2AF,20030401
TAHYC,CITY ROAD DAY SERVICE,Y63,QF7,535 CITY ROAD,,,SHEFFIELD,SOUTH YORKSHIRE,S2 1GF,20030401
TAHYD,CLINICAL PSYCHOLOGY,Y63,QF7,NORTHERN GENERAL HOSPITAL,HERRIES ROAD,,SHEFFIELD,SOUTH YORKSHIRE,S5 7AU,20030401
TAHYE,EDMUND ROAD,Y63,QF7,7 EDMUND ROAD,,,SHEFFIELD,SOUTH YORKSHIRE,S2 4EA,20030401
TAHYF,HANOVER MEDICAL CENTRE,Y63,QF7,100 WILLIAM STREET,,,SHEFFIELD,SOUTH YORKSHIRE,S10 2EB,20030401
TAHYG,HOWARD ROAD,Y63,QF7,178 HOWARD ROAD,,,SHEFFIELD,SOUTH YORKSHIRE,S6 3RX,20030401
TAHYH,LIGHTWOOD HOUSE,Y63,QF7,LIGHTWOOD LANE,,,SHEFFIELD,SOUTH YORKSHIRE,S8 8BG,20030401
TAHYK,LYTTON ROAD,Y63,QF7,50-52 LYTTON ROAD,,,SHEFFIELD,SOUTH YORKSHIRE,S5 8AX,20030401
TAHYL,MONCRIEFFE DAY SERVICE,Y63,QF7,9 MONCRIEFFE ROAD,,,SHEFFIELD,SOUTH YORKSHIRE,S7 1HQ,20030401
TAHYM,NORFOLK HOUSE,Y63,QF7,4 NORFOLK STREET,,,SHEFFIELD,SOUTH YORKSHIRE,S1 2JB,20030401
TAHYN,PITSMOOR DAY CENTRE,Y63,QF7,259 PITSMOOR ROAD,,,SHEFFIELD,SOUTH YORKSHIRE,S3 9AQ,20030401
TAHYP,PSYCHIATRIC OUT PATIENTS,Y63,QF7,NORTHERN GENERAL HOSPITAL,HERRIES ROAD,,SHEFFIELD,SOUTH YORKSHIRE,S5 7AU,20030401
TAHYQ,SHEPCOTE TRADING CENTRE,Y63,QF7,SHEPCOTE LANE,,,SHEFFIELD,SOUTH YORKSHIRE,S9 1US,20030401
TAHYR,WAINWRIGHT CRESCENT,Y63,QF7,48 WAINWRIGHT CRESCENT,,,SHEFFIELD,SOUTH YORKSHIRE,S13 8EN,20030401
TAHYT,MIDDLEWOOD ROAD,Y63,QF7,228/228A MIDDLEWOOD ROAD,,,SHEFFIELD,SOUTH YORKSHIRE,S6 1TE,20030401
TAHYV,RIVERMEAD UNIT,Y63,QF7,NORTHERN GENERAL HOSPITAL,HERRIES ROAD,,SHEFFIELD,SOUTH YORKSHIRE,S5 7AU,20030401
TAHYW,FITZWILLIAM STREET,Y63,QF7,143-145 FITZWILLIAM STREET,,,SHEFFIELD,SOUTH YORKSHIRE,S1 4JP,20050401
TAHYX,PRESIDENT PARK,Y63,QF7,PRESIDENT WAY,,,SHEFFIELD,SOUTH YORKSHIRE,S4 7UR,20050401
TAHYY,PSYCHIATRIC OUTPATIENTS NETHER EDGE,Y63,QF7,PSYCHIATRIC OUTPATIENTS DEPARTMENT,LYNDHURST ROAD,,SHEFFIELD,SOUTH YORKSHIRE,S11 9BJ,20051001
TAJ,BLACK COUNTRY HEALTHCARE NHS FOUNDATION TRUST,Y60,QUA,DELTA POINT,GREETS GREEN ROAD,,WEST BROMWICH,,B70 9PL,20030401
TAJ03,PCL - BIRMINGHAM ROAD,Y60,QUA,6 HIGH STREET,,,WEST BROMWICH,WEST MIDLANDS,B70 6JX,20050401
TAJ05,EDWARD STREET DAY HOSPITAL,Y60,QUA,EDWARD STREET,,,WEST BROMWICH,WEST MIDLANDS,B70 8NL,20030401
TAJ07,EDWARD STREET HOSPITAL,Y60,QUA,EDWARD STREET,,,WEST BROMWICH,WEST MIDLANDS,B70 8NL,20030401
TAJ10,ROWLEY REGIS HOSPITAL,Y60,QUA,MOOR LANE,,,ROWLEY REGIS,WEST MIDLANDS,B65 8DA,20030401
TAJ11,HEATH LANE HOSPITAL,Y60,QUA,HEATH LANE,,,WEST BROMWICH,WEST MIDLANDS,B71 2BG,20030401
TAJ17,1/2 ST MICHAELS COURT (ANCHOR PROJECT),Y60,Q77,VICTORIA STREET,,,WEST BROMWICH,WEST MIDLANDS,B70 8ET,20030401
TAJ20,HALLAM STREET HOSPITAL,Y60,QUA,HALLAM STREET,,,WEST BROMWICH,WEST MIDLANDS,B71 4NH,20030401
TAJ22,NEPTUNE HEALTH PARK,Y60,Q77,SEDGLEY ROAD WEST,,,TIPTON,WEST MIDLANDS,DY4 8LT,20030401
TAJ25,VICTORIA HEALTH CENTRE,Y60,QUA,5 SUFFRAGE STREET,,,SMETHWICK,WEST MIDLANDS,B66 3PZ,20030401
TAJ41,STAFF SUPPORT SERVICE (CONTACT),Y60,Q77,1ST FLOOR,323 HIGH STREET,,WEST BROMWICH,WEST MIDLANDS,B70 8LU,20030401
TAJ43,SANDWELL DISTRICT GENERAL HOSPITAL,Y60,QUA,LYNDON,,,WEST BROMWICH,WEST MIDLANDS,B71 4HJ,20061001
TAJ44,WHITEHEATH CLINIC,Y60,QUA,BADSEY ROAD,,,OLDBURY,WEST MIDLANDS,B69 1ER,20061001
TAJ45,OLDBURY HEALTH CENTRE,Y60,QUA,ALBERT STREET,,,WEST BROMWICH,WEST MIDLANDS,B70 7SH,20061001
TAJ46,CITY HOSPITAL,Y60,QUA,DUDLEY ROAD,,,BIRMINGHAM,WEST MIDLANDS,B18 7QH,20061001
TAJ50,TREDGOLD HOUSE,Y60,QUA,HEATH LANE HOSPITAL,HEATH LANE,,WEST BROMWICH,WEST MIDLANDS,B71 2BG,20090401
TAJ51,CAMHS,Y60,QUA,48 LODGE ROAD,,,WEST BROMWICH,WEST MIDLANDS,B70 8NY,20090401
TAJ52,PENN HOSPITAL,Y60,QUA,PENN ROAD,,,WOLVERHAMPTON,WEST MIDLANDS,WV4 5HN,20111001
TAJ53,POND LANE,Y60,QUA,44 POND LANE,,,WOLVERHAMPTON,WEST MIDLANDS,WV2 1HG,20111001
TAJ54,RIDGE HILL HOSPITAL,Y60,QUA,BRIERLEY HILL ROAD,,,STOURBRIDGE,WEST MIDLANDS,DY8 5ST,20111001
TAJ55,DAISY BANK RESIDENTIAL,Y60,QUA,DAISYBANK,,,WALSALL,WEST MIDLANDS,WS5 3DY,20111001
TAJ57,CARERS TEAM,Y60,QUA,BRISTNALL HALL ROAD,,,OLDBURY,WEST MIDLANDS,B68 9TX,20120401
TAJ58,QUAYSIDE HOUSE,Y60,QUA,ROUNDS GREEN ROAD,,,OLDBURY,WEST MIDLANDS,B69 2DG,20151001
TAJ59,BRIERLEY HILL HEALTH AND SOCIAL CARE CENTRE,Y60,QUA,VENTURE WAY,,,BRIERLEY HILL,WEST MIDLANDS,DY5 1RU,20151001
TAJ60,CENTRAL CLINIC,Y60,QUA,HALL STREET,,,DUDLEY,WEST MIDLANDS,DY2 7BX,20151001
TAJ61,COSELEY FAMILY CENTRE,Y60,QUA,COSELEY HEALTH & FAMILY CENTRE,BAYER STREET,,BILSTON,WEST MIDLANDS,WV14 9BS,20151001
TAJ62,CROSS STREET HEALTH CENTRE,Y60,QUA,CROSS STREET,,,DUDLEY,WEST MIDLANDS,DY1 1RN,20151001
TAJ63,THE GREENS HEALTH CENTRE,Y60,QUA,100 MAPLE GREEN,,,DUDLEY,WEST MIDLANDS,DY1 3QZ,20151001
TAJ64,HALESOWEN HEALTH CENTRE,Y60,QUA,14 BIRMINGHAM STREET,,,HALESOWEN,WEST MIDLANDS,B63 3HN,20151001
TAJ65,ST JAMES MEDICAL PRACTICE,Y60,Q77,MALTHOUSE DRIVE,,,DUDLEY,WEST MIDLANDS,DY1 2BY,20151001
TAJ66,KINGSWINFORD HEALTH CENTRE,Y60,QUA,STANDHILLS ROAD,,,KINGSWINFORD,WEST MIDLANDS,DY6 8DN,20151001
TAJ67,LADIES WALK HEALTH CENTRE,Y60,QUA,LADIES WALK,SEDGLEY,,DUDLEY,WEST MIDLANDS,DY3 3UA,20151001
TAJ68,LOWER GORNAL HEALTH CENTRE,Y60,QUA,BULL STREET,GORNAL WOOD,,DUDLEY,WEST MIDLANDS,DY3 2NQ,20151001
TAJ70,NETHERTON HEALTH CENTRE,Y60,QUA,HALESOWEN ROAD,,,DUDLEY,WEST MIDLANDS,DY2 9PU,20151001
TAJ71,RUSSELLS HALL HOSPITAL,Y60,QUA,PENSNETT ROAD,,,DUDLEY,WEST MIDLANDS,DY1 2HQ,20151001
TAJ72,STOURBRIDGE HEALTH AND SOCIAL CARE CENTRE,Y60,QUA,JOHN CORBETT DRIVE,,,STOURBRIDGE,WEST MIDLANDS,DY8 4JB,20151001
TAJ73,SUNFLOWER CENTRE,Y60,QUA,JOHN CORBETT DRIVE,AMBLECOTE,,STOURBRIDGE,WEST MIDLANDS,DY8 4HZ,20151001
TAJ74,VALLEY PARK,Y60,Q77,CROMER GARDENS,WHITMORE REANS,,WOLVERHAMPTON,WEST MIDLANDS,WV6 0UA,20151001
TAJ75,WHITMORE REANS HEALTH CENTRE,Y60,QUA,LOWE STREET,,,WOLVERHAMPTON,WEST MIDLANDS,WV6 0QL,20151001
TAJ76,WEST PARK HOSPITAL,Y60,QUA,PARK ROAD,,,WOLVERHAMPTON,WEST MIDLANDS,WV1 4PW,20151001
TAJ77,BLAKENHALL RESOURCE CENTRE,Y60,QUA,HAGGAR STREET,,,WOLVERHAMPTON,WEST MIDLANDS,WV2 3ET,20151001
TAJ78,THE BROOKLANDS,Y60,QUA,BROOKLANDS PARADE,,,WOLVERHAMPTON,WEST MIDLANDS,WV1 2ND,20151001
TAJ79,GEM CENTRE,Y60,QUA,BENTLEY BRIDGE BUSINESS PARK,NEACHELLS LANE,WEDNESFIELD,WOLVERHAMPTON,WEST MIDLANDS,WV11 3PG,20151001
TAJ80,STEPS TO HEALTH,Y60,QUA,LOW HILL COMMUNITY HEALTH CENTRE,SHOWELL CIRCUS,,WOLVERHAMPTON,WEST MIDLANDS,WV10 9TH,20151001
TAJ81,NEW CROSS HOSPITAL,Y60,QUA,WEDNESFIELD ROAD,,,WOLVERHAMPTON,WEST MIDLANDS,WV10 0QP,20160401
TAJ82,BLOXWICH HOSPITAL,Y60,QUA,REEVES STREET,,,WALSALL,,WS3 2JJ,20200401
TAJ83,DOROTHY PATTISON HOSPITAL,Y60,QUA,ALUMWELL CLOSE,,,WALSALL,,WS2 9XH,20200401
TAJ84,ANCHOR MEADOW,Y60,QUA,ALDRIDGE,,,WALSALL,,WS9 8AJ,20200401
TAJ86,BLAKENALL VILLAGE CENTRE,Y60,QUA,79 THAMES ROAD,,,WALSALL,,WS3 1LZ,20200401
TAJ87,BROADWAY NORTH CENTRE,Y60,QUA,BROADWAY NORTH,,,WALSALL,,WS1 2QA,20200401
TAJ88,KINGSHILL DAY CENTRE,Y60,QUA,SCHOOL STREET,,,WEDNESBURY,,WS10 9JB,20200401
TAJ89,MOSSLEY DAY CENTRE,Y60,QUA,SNEYD LANE,,,WALSALL,,WS3 2LW,20200401
TAJ90,WOODSIDE DAY CENTRE,Y60,QUA,HIGHGATE ROAD,,,DUDLEY,WEST MIDLANDS,DY2 0SN,20200401
TAJ91,TRAFALGAR HOUSE,Y60,QUA,47-49 KING STREET,,,DUDLEY,,DY2 8PS,20200401
TAJ92,BUSHEY FIELDS HOSPITAL,Y60,QUA,BUSHEY FIELDS ROAD,,,DUDLEY,,DY1 2LZ,20200401
TAJ93,THE ELMS HEALTH CENTRE,Y60,QUA,SLADE ROAD,,,HALESOWEN,,B63 2UR,20200401
TAJ94,THE POPLARS CENTRE,Y60,QUA,LITTLE COTTAGE STREET,,,BRIERLEY HILL,,DY5 1RG,20200401
TAJ95,HALESVIEW,Y60,QUA,HIGHFIELD LANE,,,HALESOWEN,,B63 4SG,20200401
TAJ96,HILL HOUSE,Y60,QUA,HIGH STREET,AMBLECOTE,,STOURBRIDGE,,DY8 4DG,20200401
TAJ97,HOLLY HALL CLINIC,Y60,QUA,174 STOURBRIDGE ROAD,,,DUDLEY,,DY1 2ER,20200401
TAJ98,CANALSIDE,Y60,QUA,ABBOTTS STREET,,,WALSALL,,WS3 3BW,20200401
TAJ99,OLDBURY CUSTODY BLOCK,Y60,QUA,BROMFORD ROAD,,,WEST BROMWICH,,B70 7JD,20200401
TAJAA,ADULT TEAM A,Y60,QUA,HALLAM STREET HOSPITAL,HALLAM STREET,,WEST BROMWICH,WEST MIDLANDS,B71 4NH,20051001
TAJAC,ADULT TEAM C,Y60,QUA,HALLAM STREET HOSPITAL,HALLAM STREET,,WEST BROMWICH,WEST MIDLANDS,B71 4NH,20051001
TAJAD,ADULT TEAM D,Y60,QUA,HALLAM STREET HOSPITAL,HALLAM STREET,,WEST BROMWICH,WEST MIDLANDS,B71 4NH,20051001
TAJAE,ADULT TEAM E,Y60,QUA,HALLAM STREET HOSPITAL,HALLAM STREET,,WEST BROMWICH,WEST MIDLANDS,B71 4NH,20051001
TAJAF,ADULT TEAM F,Y60,QUA,HALLAM STREET HOSPITAL,HALLAM STREET,,WEST BROMWICH,WEST MIDLANDS,B71 4NH,20051001
TAJAG,ADULT TEAM G,Y60,QUA,HALLAM STREET HOSPITAL,HALLAM STREET,,WEST BROMWICH,WEST MIDLANDS,B71 4NH,20051001
TAJAH,ASSERTIVE OUTREACH TEAM,Y60,QUA,THE COTTAGE,SIMPSON STREET,,OLDBURY,WEST MIDLANDS,B69 4AL,20051001
TAJAJ,CRISIS RESOLUTION TEAM,Y60,QUA,CHURCHVALE RESOURCE CENTRE,LOWRY CLOSE,,SMETHWICK,WEST MIDLANDS,B67 7QT,20051001
TAJAK,ANCHOR PROJECT TEAM,Y60,QUA,1/2 ST. MICHAELS COURT,VICTORIA STREET,,WEST BROMWICH,WEST MIDLANDS,B70 8ET,20051001
TAJAM,EARLY INTERVENTION TEAM,Y60,QUA,CHURCHVALE RESOURCE CENTRE,LOWRY CLOSE,,SMETHWICK,WEST MIDLANDS,B67 7QT,20051001
TAJCA,CAMHS TEAM A,Y60,QUA,CHURCHILL HOUSE,60 HIGH STREET,,WEST BROMWICH,WEST MIDLANDS,B70 6JT,20051001
TAJCC,CAMHS TEAM C,Y60,QUA,CHURCHILL HOUSE,60 HIGH STREET,,WEST BROMWICH,WEST MIDLANDS,B70 6JT,20051001
TAJCD,CAMHS TEAM D,Y60,QUA,CHURCHILL HOUSE,60 HIGH STREET,,WEST BROMWICH,WEST MIDLANDS,B70 6JT,20051001
TAJD3,HOME TREATMENT NMP2,Y60,QUA,PENN HOSPITAL,PENN ROAD,,WOLVERHAMPTON,WEST MIDLANDS,WV4 5HN,20180401
TAJD4,HOME TREATMENT NMP3,Y60,QUA,PENN HOSPITAL,PENN ROAD,,WOLVERHAMPTON,WEST MIDLANDS,WV4 5HN,20180401
TAJD5,HOME TREATMENT NMP4,Y60,QUA,PENN HOSPITAL,PENN ROAD,,WOLVERHAMPTON,WEST MIDLANDS,WV4 5HN,20180401
TAJEA,OLDER ADULT TEAM A,Y60,QUA,EDWARD STREET HOSPITAL,EDWARD STREET,,WEST BROMWICH,WEST MIDLANDS,B70 8NL,20051001
TAJEC,OLDER ADULT TEAM C,Y60,QUA,EDWARD STREET HOSPITAL,EDWARD STREET,,WEST BROMWICH,WEST MIDLANDS,B70 8NL,20051001
TAJED,OLDER ADULT TEAM D,Y60,QUA,EDWARD STREET HOSPITAL,EDWARD STREET,,WEST BROMWICH,WEST MIDLANDS,B70 8NL,20051001
TAJEE,OLDER ADULT TEAM E,Y60,QUA,EDWARD STREET HOSPITAL,EDWARD STREET,,WEST BROMWICH,WEST MIDLANDS,B70 8NL,20051001
TAJEF,OLDER ADULT TEAM F,Y60,QUA,EDWARD STREET HOSPITAL,EDWARD STREET,,WEST BROMWICH,WEST MIDLANDS,B70 8NL,20051001
TAJEG,OLDER ADULT TEAM G,Y60,QUA,EDWARD STREET HOSPITAL,EDWARD STREET,,WEST BROMWICH,WEST MIDLANDS,B70 8NL,20051001
TAJHL,HEALTH LANE EMERGENCY,Y60,QUA,DELTA HOUSE,GREETS GREEN ROAD,,WEST BROMWICH,,B70 9PL,20190401
TAJHQ,BLACK COUNTRY HEALTHCARE NHS FOUNDATION TRUST HQ,Y60,QUA,DELTA POINT,GREETS GREEN ROAD,,WEST BROMWICH,WEST MIDLANDS,B70 9PL,20060401
TAJJA,KIDDERMINSTER POLICE STATION,Y60,QUA,26 CHURCH STREET,,,KIDDERMINSTER,,DY10 2AR,20200401
TAJLA,LD TEAM A,Y60,QUA,HEATH LANE HOSPITAL,HEATH LANE,,WEST BROMWICH,WEST MIDLANDS,B71 2BG,20051001
TAJLC,LD TEAM C,Y60,QUA,HEATH LANE HOSPITAL,HEATH LANE,,WEST BROMWICH,WEST MIDLANDS,B71 2BG,20051001
TAJLD,LD TEAM D,Y60,QUA,HEATH LANE HOSPITAL,HEATH LANE,,WEST BROMWICH,WEST MIDLANDS,B71 2BG,20051001
TAJLE,LD TEAM E,Y60,QUA,HEATH LANE HOSPITAL,HEATH LANE,,WEST BROMWICH,WEST MIDLANDS,B71 2BG,20051001
TAJM3,COMMUNITY NMP1,Y60,QUA,PENN HOSPITAL,PENN ROAD,,WOLVERHAMPTON,WEST MIDLANDS,WV4 5HN,20180401
TAJM4,WELL BEING NMP1,Y60,QUA,PENN HOSPITAL,PENN ROAD,,WOLVERHAMPTON,WEST MIDLANDS,WV4 5HN,20170401
TAJM5,WELL BEING NMP2,Y60,QUA,PENN HOSPITAL,PENN ROAD,,WOLVERHAMPTON,WEST MIDLANDS,WV4 5HN,20170401
TAJM6,COMMUNITY NMP2,Y60,QUA,PENN HOSPITAL,PENN ROAD,,WOLVERHAMPTON,WEST MIDLANDS,WV4 5HN,20180401
TAJM7,COMMUNITY NMP3,Y60,QUA,PENN HOSPITAL,PENN ROAD,,WOLVERHAMPTON,WEST MIDLANDS,WV4 5HN,20180401
TAJM8,COMMUNITY NMP4,Y60,QUA,PENN HOSPITAL,PENN ROAD,,WOLVERHAMPTON,WEST MIDLANDS,WV4 5HN,20180401
TAJM9,EI WOLVERHAMPTON NMP2,Y60,QUA,44 POND LANE,,,WOLVERHAMPTON,WEST MIDLANDS,WV2 1HL,20181001
TAJMA,EATING DISORDERS TEAM A,Y60,QUA,DELTA HOUSE,GREETS GREEN ROAD,,WEST BROMWICH,WEST MIDLANDS,B70 9PL,20161001
TAJNA,EARLY INTERVENTION NMP1,Y60,QUA,1-2 ST. MICHAELS COURT,VICTORIA STREET,,WEST BROMWICH,WEST MIDLANDS,B70 8ET,20111001
TAJNC,CRISIS TEAM NMP1,Y60,QUA,HALLAM ST HOSPITAL,HALLAM ST,,WEST BROMWICH,WEST MIDLANDS,B71 4NH,20111001
TAJND,PRIMARY CARE LT NMP1,Y60,QUA,OLDBURY H C,ALBERT STREET,,OLDBURY,WEST MIDLANDS,B69 4DE,20111001
TAJNE,EARLY INTERVENTION NMP2,Y60,QUA,1-2 ST. MICHAELS COURT,VICTORIA STREET,,WEST BROMWICH,WEST MIDLANDS,B70 8ET,20111001
TAJNF,CRISIS TEAM NMP2,Y60,QUA,HALLAM ST HOSPITAL,HALLAM ST,,WEST BROMWICH,WEST MIDLANDS,B71 4NH,20111001
TAJNG,PRIMARY CARE LT NMP2,Y60,QUA,WHITEHEATH MED CENTRE,BADSEY ROAD,,OLDBURY,WEST MIDLANDS,B69 1ER,20111001
TAJNH,CRISIS TEAM NMP3,Y60,QUA,HALLAM ST HOSPITAL,HALLAM ST,,WEST BROMWICH,WEST MIDLANDS,B71 4NH,20111001
TAJNJ,ADHD CLINIC NMP1,Y60,QUA,DELTA POINT,GREETS GREEN ROAD,,WEST BROMWICH,,B70 9PL,20190401
TAJNK,ADHD CLINIC NMP2,Y60,QUA,DELTA POINT,GREETS GREEN ROAD,,WEST BROMWICH,,B70 9PL,20190401
TAJW1,WALSALL LD TEAM 1,Y60,QUA,ORCHARD HILLS HOUSE,FALLOWFIELD RD,,WALSALL,,WS5 3DY,20191001
TAJW2,WALSALL LD TEAM 2,Y60,QUA,ORCHARD HILLS HOUSE,FALLOWFIELD RD,,WALSALL,,WS5 3DY,20191001
TAJW3,WALSALL LD TEAM 3,Y60,QUA,ORCHARD HILLS HOUSE,FALLOWFIELD RD,,WALSALL,,WS5 3DY,20191001
